{
  "id": "1669704",
  "name": "VinFont",
  "font_family": "iconfont",
  "css_prefix_text": "icon-",
  "description": "",
  "glyphs": [
    {
      "icon_id": "1305",
      "name": "购物车满",
      "font_class": "gouwucheman",
      "unicode": "e600",
      "unicode_decimal": 58880
    },
    {
      "icon_id": "1306",
      "name": "购物车空",
      "font_class": "gouwuchekong",
      "unicode": "e601",
      "unicode_decimal": 58881
    },
    {
      "icon_id": "7624",
      "name": "删除",
      "font_class": "shanchu",
      "unicode": "e602",
      "unicode_decimal": 58882
    },
    {
      "icon_id": "77156",
      "name": "微信",
      "font_class": "weixin",
      "unicode": "e603",
      "unicode_decimal": 58883
    },
    {
      "icon_id": "141801",
      "name": "menu",
      "font_class": "menu",
      "unicode": "e7c5",
      "unicode_decimal": 59333
    },
    {
      "icon_id": "300302",
      "name": "心",
      "font_class": "xin",
      "unicode": "e613",
      "unicode_decimal": 58899
    },
    {
      "icon_id": "351755",
      "name": "勾选",
      "font_class": "gouxuan",
      "unicode": "e60f",
      "unicode_decimal": 58895
    },
    {
      "icon_id": "384292",
      "name": "picture",
      "font_class": "picture",
      "unicode": "e69c",
      "unicode_decimal": 59036
    },
    {
      "icon_id": "586858",
      "name": "document-full",
      "font_class": "documentfull",
      "unicode": "e70c",
      "unicode_decimal": 59148
    },
    {
      "icon_id": "608351",
      "name": "箭头",
      "font_class": "jiantouarrow486",
      "unicode": "e6aa",
      "unicode_decimal": 59050
    },
    {
      "icon_id": "608357",
      "name": "箭头",
      "font_class": "jiantouarrow492",
      "unicode": "e6b0",
      "unicode_decimal": 59056
    },
    {
      "icon_id": "645193",
      "name": "银行卡",
      "font_class": "iconfontjikediancanicon20",
      "unicode": "e611",
      "unicode_decimal": 58897
    },
    {
      "icon_id": "722175",
      "name": "radio-active",
      "font_class": "radioactive",
      "unicode": "e75f",
      "unicode_decimal": 59231
    },
    {
      "icon_id": "737961",
      "name": "radio",
      "font_class": "radio",
      "unicode": "e62f",
      "unicode_decimal": 58927
    },
    {
      "icon_id": "778493",
      "name": "搜索",
      "font_class": "sousuo",
      "unicode": "e615",
      "unicode_decimal": 58901
    },
    {
      "icon_id": "845792",
      "name": "心",
      "font_class": "zan1",
      "unicode": "e64e",
      "unicode_decimal": 58958
    },
    {
      "icon_id": "897807",
      "name": "箭头",
      "font_class": "jiantou",
      "unicode": "e63f",
      "unicode_decimal": 58943
    },
    {
      "icon_id": "908051",
      "name": "身份证",
      "font_class": "shenfenzheng",
      "unicode": "e634",
      "unicode_decimal": 58932
    },
    {
      "icon_id": "1029194",
      "name": "share",
      "font_class": "share-1-copy",
      "unicode": "e607",
      "unicode_decimal": 58887
    },
    {
      "icon_id": "1103347",
      "name": "手机",
      "font_class": "tel",
      "unicode": "e641",
      "unicode_decimal": 58945
    },
    {
      "icon_id": "1111852",
      "name": "提示",
      "font_class": "tishi",
      "unicode": "e605",
      "unicode_decimal": 58885
    },
    {
      "icon_id": "1167186",
      "name": "提示",
      "font_class": "tishi1",
      "unicode": "e648",
      "unicode_decimal": 58952
    },
    {
      "icon_id": "1185463",
      "name": "menu",
      "font_class": "menu1",
      "unicode": "e629",
      "unicode_decimal": 58921
    },
    {
      "icon_id": "1207898",
      "name": "message",
      "font_class": "message",
      "unicode": "e67e",
      "unicode_decimal": 59006
    },
    {
      "icon_id": "1220293",
      "name": "勾选",
      "font_class": "gouxuan2",
      "unicode": "e604",
      "unicode_decimal": 58884
    },
    {
      "icon_id": "1288626",
      "name": "减",
      "font_class": "jian",
      "unicode": "e60d",
      "unicode_decimal": 58893
    },
    {
      "icon_id": "1330740",
      "name": "减",
      "font_class": "jian1",
      "unicode": "e74b",
      "unicode_decimal": 59211
    },
    {
      "icon_id": "1567554",
      "name": "loading",
      "font_class": "loading",
      "unicode": "e669",
      "unicode_decimal": 58985
    },
    {
      "icon_id": "1688480",
      "name": "提示",
      "font_class": "tishi2",
      "unicode": "e6bf",
      "unicode_decimal": 59071
    },
    {
      "icon_id": "2510157",
      "name": "switches-o",
      "font_class": "switches-o",
      "unicode": "e77f",
      "unicode_decimal": 59263
    },
    {
      "icon_id": "2526097",
      "name": "switch-OFF",
      "font_class": "switch-OFF",
      "unicode": "e7d9",
      "unicode_decimal": 59353
    },
    {
      "icon_id": "3922297",
      "name": "勾选",
      "font_class": "huiyishiqueren_huabanfuben",
      "unicode": "e618",
      "unicode_decimal": 58904
    },
    {
      "icon_id": "4868907",
      "name": "more",
      "font_class": "more",
      "unicode": "e60a",
      "unicode_decimal": 58890
    },
    {
      "icon_id": "4933340",
      "name": "关闭",
      "font_class": "guanbi",
      "unicode": "e735",
      "unicode_decimal": 59189
    },
    {
      "icon_id": "5327344",
      "name": "编辑",
      "font_class": "bianji",
      "unicode": "e6c6",
      "unicode_decimal": 59078
    },
    {
      "icon_id": "5517432",
      "name": "loading",
      "font_class": "loading1",
      "unicode": "e962",
      "unicode_decimal": 59746
    },
    {
      "icon_id": "5831299",
      "name": "下载",
      "font_class": "xiazai",
      "unicode": "e647",
      "unicode_decimal": 58951
    },
    {
      "icon_id": "6119221",
      "name": "勾选",
      "font_class": "choose-line",
      "unicode": "e62a",
      "unicode_decimal": 58922
    },
    {
      "icon_id": "6204096",
      "name": "失败",
      "font_class": "shibai",
      "unicode": "e60b",
      "unicode_decimal": 58891
    },
    {
      "icon_id": "6536718",
      "name": "提示",
      "font_class": "tishi5",
      "unicode": "e65b",
      "unicode_decimal": 58971
    },
    {
      "icon_id": "6606321",
      "name": "question",
      "font_class": "question",
      "unicode": "e67d",
      "unicode_decimal": 59005
    },
    {
      "icon_id": "6888895",
      "name": "返回",
      "font_class": "fanhui",
      "unicode": "e662",
      "unicode_decimal": 58978
    },
    {
      "icon_id": "6966911",
      "name": "减",
      "font_class": "jian2",
      "unicode": "e624",
      "unicode_decimal": 58916
    },
    {
      "icon_id": "7240052",
      "name": "picture",
      "font_class": "picture1",
      "unicode": "e774",
      "unicode_decimal": 59252
    },
    {
      "icon_id": "7274121",
      "name": "返回",
      "font_class": "fanhui1",
      "unicode": "e626",
      "unicode_decimal": 58918
    },
    {
      "icon_id": "7596056",
      "name": "upload",
      "font_class": "upload",
      "unicode": "e62c",
      "unicode_decimal": 58924
    },
    {
      "icon_id": "7644385",
      "name": "返回",
      "font_class": "fanhui2",
      "unicode": "e609",
      "unicode_decimal": 58889
    },
    {
      "icon_id": "7674919",
      "name": "成功",
      "font_class": "xiaoxi-chenggong",
      "unicode": "e71b",
      "unicode_decimal": 59163
    },
    {
      "icon_id": "7760758",
      "name": "编辑",
      "font_class": "bianji1",
      "unicode": "e608",
      "unicode_decimal": 58888
    },
    {
      "icon_id": "7821156",
      "name": "refresh",
      "font_class": "refresh",
      "unicode": "e633",
      "unicode_decimal": 58931
    },
    {
      "icon_id": "7932259",
      "name": "message",
      "font_class": "message1",
      "unicode": "e614",
      "unicode_decimal": 58900
    },
    {
      "icon_id": "7964510",
      "name": "退出",
      "font_class": "tuichu",
      "unicode": "e630",
      "unicode_decimal": 58928
    },
    {
      "icon_id": "8145817",
      "name": "箭头",
      "font_class": "jiantou1",
      "unicode": "e663",
      "unicode_decimal": 58979
    },
    {
      "icon_id": "8341757",
      "name": "箭头2_右",
      "font_class": "jiantou_you",
      "unicode": "e631",
      "unicode_decimal": 58929
    },
    {
      "icon_id": "8341760",
      "name": "箭头2_左",
      "font_class": "jiantou_zuo",
      "unicode": "e635",
      "unicode_decimal": 58933
    },
    {
      "icon_id": "8721203",
      "name": "勾选",
      "font_class": "gouxuan3",
      "unicode": "e60c",
      "unicode_decimal": 58892
    },
    {
      "icon_id": "8827337",
      "name": "增加",
      "font_class": "zengjia3",
      "unicode": "e6a9",
      "unicode_decimal": 59049
    },
    {
      "icon_id": "9626884",
      "name": "箭头_右",
      "font_class": "jiantou_you1",
      "unicode": "e871",
      "unicode_decimal": 59505
    },
    {
      "icon_id": "9626905",
      "name": "箭头_左",
      "font_class": "jiantou_zuo1",
      "unicode": "e872",
      "unicode_decimal": 59506
    },
    {
      "icon_id": "10043876",
      "name": "Message",
      "font_class": "Message",
      "unicode": "e632",
      "unicode_decimal": 58930
    },
    {
      "icon_id": "10905645",
      "name": "支付宝",
      "font_class": "zhifubao1",
      "unicode": "e636",
      "unicode_decimal": 58934
    },
    {
      "icon_id": "11132367",
      "name": "question",
      "font_class": "question1",
      "unicode": "e656",
      "unicode_decimal": 58966
    },
    {
      "icon_id": "11337526",
      "name": "2navbar_我的_选中",
      "font_class": "navbar_wode_xuanzhong",
      "unicode": "e616",
      "unicode_decimal": 58902
    },
    {
      "icon_id": "11337538",
      "name": "1navbar_我的",
      "font_class": "navbar_wode",
      "unicode": "e617",
      "unicode_decimal": 58903
    },
    {
      "icon_id": "11338463",
      "name": "3navbar_消息",
      "font_class": "navbar_xiaoxi",
      "unicode": "e619",
      "unicode_decimal": 58905
    },
    {
      "icon_id": "11338521",
      "name": "4navbar_消息_选中",
      "font_class": "navbar_xiaoxi_xuanzhong",
      "unicode": "e61a",
      "unicode_decimal": 58906
    },
    {
      "icon_id": "11341079",
      "name": "10navbar_主页_选中",
      "font_class": "navbar_zhuye_xuanzhong",
      "unicode": "e61c",
      "unicode_decimal": 58908
    },
    {
      "icon_id": "11352687",
      "name": "28show_电话",
      "font_class": "show_dianhua",
      "unicode": "e61d",
      "unicode_decimal": 58909
    },
    {
      "icon_id": "11352721",
      "name": "29show_电话_full",
      "font_class": "show_dianhua_full",
      "unicode": "e61e",
      "unicode_decimal": 58910
    },
    {
      "icon_id": "11391501",
      "name": "警告",
      "font_class": "jinggao1",
      "unicode": "e63a",
      "unicode_decimal": 58938
    },
    {
      "icon_id": "11446519",
      "name": "警告",
      "font_class": "jinggao--",
      "unicode": "e63d",
      "unicode_decimal": 58941
    },
    {
      "icon_id": "11594385",
      "name": "分享",
      "font_class": "fenxiang",
      "unicode": "e6af",
      "unicode_decimal": 59055
    },
    {
      "icon_id": "11981987",
      "name": "refresh",
      "font_class": "refresh1",
      "unicode": "e993",
      "unicode_decimal": 59795
    },
    {
      "icon_id": "11982645",
      "name": "Settings, control, options",
      "font_class": "Settingscontroloptions",
      "unicode": "e9cb",
      "unicode_decimal": 59851
    },
    {
      "icon_id": "11982708",
      "name": "Settings, control, options",
      "font_class": "Settingscontroloptions1",
      "unicode": "e9d3",
      "unicode_decimal": 59859
    },
    {
      "icon_id": "12309638",
      "name": "bell",
      "font_class": "bell",
      "unicode": "e7e5",
      "unicode_decimal": 59365
    },
    {
      "icon_id": "12387135",
      "name": "日历",
      "font_class": "rili",
      "unicode": "e90c",
      "unicode_decimal": 59660
    },
    {
      "icon_id": "12974856",
      "name": "退出",
      "font_class": "tuichu1",
      "unicode": "e62e",
      "unicode_decimal": 58926
    },
    {
      "icon_id": "13041261",
      "name": "view_off",
      "font_class": "view_off1",
      "unicode": "e61f",
      "unicode_decimal": 58911
    },
    {
      "icon_id": "13041262",
      "name": "view",
      "font_class": "view",
      "unicode": "e620",
      "unicode_decimal": 58912
    },
    {
      "icon_id": "13041297",
      "name": "time",
      "font_class": "time1",
      "unicode": "e621",
      "unicode_decimal": 58913
    },
    {
      "icon_id": "13041360",
      "name": "check",
      "font_class": "check",
      "unicode": "e622",
      "unicode_decimal": 58914
    },
    {
      "icon_id": "13041361",
      "name": "check_filled",
      "font_class": "check_filled",
      "unicode": "e623",
      "unicode_decimal": 58915
    },
    {
      "icon_id": "13041363",
      "name": "close",
      "font_class": "close",
      "unicode": "e645",
      "unicode_decimal": 58949
    },
    {
      "icon_id": "13041479",
      "name": "plus",
      "font_class": "plus",
      "unicode": "e646",
      "unicode_decimal": 58950
    },
    {
      "icon_id": "13041483",
      "name": "plus_filled",
      "font_class": "plus_filled",
      "unicode": "e649",
      "unicode_decimal": 58953
    },
    {
      "icon_id": "13041730",
      "name": "star_filled",
      "font_class": "star_filled",
      "unicode": "e64c",
      "unicode_decimal": 58956
    },
    {
      "icon_id": "13041731",
      "name": "star",
      "font_class": "star2",
      "unicode": "e64d",
      "unicode_decimal": 58957
    },
    {
      "icon_id": "13051852",
      "name": "share",
      "font_class": "share",
      "unicode": "e650",
      "unicode_decimal": 58960
    },
    {
      "icon_id": "13168134",
      "name": "close-fill",
      "font_class": "close-fill",
      "unicode": "e729",
      "unicode_decimal": 59177
    },
    {
      "icon_id": "13168138",
      "name": "close",
      "font_class": "close1",
      "unicode": "e72a",
      "unicode_decimal": 59178
    },
    {
      "icon_id": "13168156",
      "name": "location-fill",
      "font_class": "location-fill",
      "unicode": "e72f",
      "unicode_decimal": 59183
    },
    {
      "icon_id": "13168162",
      "name": "more",
      "font_class": "more1",
      "unicode": "e730",
      "unicode_decimal": 59184
    },
    {
      "icon_id": "13173804",
      "name": "服务重启",
      "font_class": "fuwuzhongqi",
      "unicode": "e652",
      "unicode_decimal": 58962
    },
    {
      "icon_id": "13194779",
      "name": "财务查账",
      "font_class": "caiwuchazhang",
      "unicode": "e653",
      "unicode_decimal": 58963
    },
    {
      "icon_id": "13194781",
      "name": "订单",
      "font_class": "dingdan",
      "unicode": "e654",
      "unicode_decimal": 58964
    },
    {
      "icon_id": "13194783",
      "name": "预约",
      "font_class": "yuyue",
      "unicode": "e657",
      "unicode_decimal": 58967
    },
    {
      "icon_id": "13194784",
      "name": "资料",
      "font_class": "ziliao",
      "unicode": "e658",
      "unicode_decimal": 58968
    },
    {
      "icon_id": "13201334",
      "name": "列表",
      "font_class": "liebiao",
      "unicode": "e659",
      "unicode_decimal": 58969
    },
    {
      "icon_id": "13221717",
      "name": "fdoi-build",
      "font_class": "fdoi-build",
      "unicode": "e65a",
      "unicode_decimal": 58970
    },
    {
      "icon_id": "1166061",
      "name": "箭头上",
      "font_class": "iconfontzhizuobiaozhun023128",
      "unicode": "e682",
      "unicode_decimal": 59010
    },
    {
      "icon_id": "1166062",
      "name": "箭头下",
      "font_class": "iconfontzhizuobiaozhun023129",
      "unicode": "e683",
      "unicode_decimal": 59011
    }
  ]
}
